date,tavg,tmin,tmax,prcp,snow,wdir,wspd,wpgt,pres,tsun
2021-01-01,-30.6,-32.6,-26.5,0,180,,,,,
2021-01-02,-29.4,-32.6,-26.7,0,180,120,8.9,,1052.4,
2021-01-03,-24.8,-29.3,-19.9,0.8,180,137,16.1,,1053.1,
2021-01-04,-21.2,-20.3,-19.3,1.5,191,146,14.9,,1051.2,
2021-01-05,-22.9,-23.8,-21.9,0,191,132,11.6,,1051.1,
2021-01-06,-23.1,-25.1,-21.2,0,191,126,13.1,,1050.8,
2021-01-07,-24.3,-27.8,-22.2,0,191,141,12.4,,1048.3,
2021-01-08,-17.4,-23.2,-14,0,191,192,15.8,,1036.8,
2021-01-09,-15.4,-17.8,-13.8,2,191,197,8.4,,1027.7,
2021-01-10,-20.3,-21.7,-15.3,0.5,201,27,11.9,,1025.8,
2021-01-11,-20.6,-24.6,-17.4,2,221,47,17.9,,1024.8,
2021-01-12,-25.5,-26.6,-23.3,0,201,41,16.4,,1028,
2021-01-13,-29.7,-32,-24.7,0,201,306,7.7,,1036.6,
2021-01-14,-27.6,-33.5,-21.9,0,201,211,9.5,,1042.1,
2021-01-15,-16.4,-28.6,-10.1,1,201,167,17.7,,1030.1,
2021-01-16,-9.6,-12.2,-7.1,0,211,166,10.8,,1010.8,
2021-01-17,-9.7,-10.9,-7.9,1.3,211,237,20.9,,1002.1,
2021-01-18,-17.7,-19.9,-10.9,0,,268,16.2,,1012.8,
2021-01-19,-21.3,-27.1,-17.4,0,239,281,8.2,,1022.5,
2021-01-20,-17.6,-20.8,-16.6,4.1,239,93,14.4,,1015.9,
2021-01-21,-20.4,-22,-17,1.3,259,264,12.8,,1009.8,
2021-01-22,-26.9,-30.3,-24.3,0,259,311,10.1,,1016.6,
2021-01-23,-33.4,-37.3,-31.4,0,259,326,7.6,,1034.7,
2021-01-24,-29.1,-36.2,-23.1,0.5,259,155,12.3,,1038.2,
2021-01-25,-18,-25.9,-13.3,2.3,279,147,8.5,,1030.2,
2021-01-26,-1.3,-17,0.4,1.3,290,249,19.8,,1024.1,
2021-01-27,-2.6,-3.5,-2.7,0,269,258,18.6,,1025.3,
2021-01-28,-1.7,-2.8,0.4,0,259,232,21.5,,1022.9,
2021-01-29,-8.2,-12.2,-4,0,259,211,11.6,,1024.1,
2021-01-30,-9.9,-15,-7,0,259,145,13.8,,1022.9,
2021-01-31,-10.9,-16.3,-6.7,0,259,198,8.1,,1020.8,
2021-02-01,-10.9,-16.5,-7.2,0.2,269,170,12.5,,1020.8,
2021-02-02,-6.6,-11,-3.6,2.3,259,220,15.1,,1019,
2021-02-03,-9,-12.3,-4.2,0.5,279,274,13.5,,1016.1,
2021-02-04,-12.4,-19.8,-11,0,279,216,10.2,,1019.6,
2021-02-05,-2.8,-10.5,-0.2,1,290,187,11.5,,1009.6,
2021-02-06,2,-0.8,4.7,1.9,279,176,21.9,,996.4,
2021-02-07,-10.8,-17.3,1.1,8.9,269,213,27.8,,983.9,
2021-02-08,-22,-22.9,-18.4,0.5,269,236,18,,994.4,
2021-02-09,-25.8,-27.4,-23.3,0.3,269,274,17.4,,1006.1,
2021-02-10,-26.8,-29.9,-23.2,0,269,265,11.4,,1024.4,
2021-02-11,-27.4,-30.5,-22.3,0,,220,8.2,,1032.1,
2021-02-12,-23.9,-29.9,-19.1,0,,139,8.4,,1031.2,
2021-02-13,-7.4,-18.7,-5.5,0.3,,173,11,,1024.1,
2021-02-14,-2.6,-8,0.5,2,279,193,16.8,,1014.7,
2021-02-15,-12.3,-16.6,-4.1,3,310,234,21.6,,1012.4,
2021-02-16,-18.7,-24.8,-12.5,0,290,244,10.9,,1016.4,
2021-02-17,-21.5,-23.2,-16.9,0,290,256,16,,1023.3,
2021-02-18,-21,-26.1,-18.7,0,290,350,10.7,,1022.8,
2021-02-19,-25.7,-27.7,-22.8,0,,329,12.2,,1018.7,
2021-02-20,-25,-29.7,-20.9,0.7,,130,7.4,,1021.4,
2021-02-21,-22.1,-27.3,-19.5,0.2,,303,9.9,,1020.8,
2021-02-22,-23.7,-29.6,-19,0.2,300,80,9.9,,1025.3,
2021-02-23,-25.6,-29.3,-21.6,0.5,,41,24.1,,1026.3,
2021-02-24,-22.6,-26.2,-20.9,4.1,290,20,31.6,,1017.1,
2021-02-25,-23.6,-26.7,-18.4,0.8,290,333,16.7,,1022.7,
2021-02-26,-21.4,-31.3,-11.8,0,290,205,7.3,,1028.1,
2021-02-27,-22.4,-27.9,-17.8,0,290,156,13.1,,1025.1,
2021-02-28,-17.1,-22.2,-14,0.3,300,87,17.1,,1015.7,
2021-03-01,-18.3,-22.9,-12.4,0.3,300,10,8.6,,1015.6,
2021-03-02,-15.3,-26.2,-8.3,0,300,202,13.7,,1010.5,
2021-03-03,-8.1,-14,-3.5,0.3,300,203,17.9,,1000.2,
2021-03-04,-4.9,-9.2,-0.3,0.5,300,216,12.6,,996.6,
2021-03-05,-5,-10.7,-0.3,2,300,221,18.5,,995.5,
2021-03-06,-7.8,-9.9,-4,0.1,330,261,18.5,,1003.6,
2021-03-07,-12.3,-20.3,-6.9,0.5,340,251,9.8,,1008.8,
2021-03-08,-12.3,-17.6,-8.5,0.5,340,238,14.3,,1006.6,
2021-03-09,-10.2,-13.6,-2.7,2,340,237,13.1,,1005.5,
2021-03-10,-10,-17.8,-5.4,0,361,57,14.1,,1006.8,
2021-03-11,-15.2,-17.3,-11.3,6.1,399,3,22.7,,1002.3,
2021-03-12,-17.2,-20.8,-12,0.5,419,283,14.8,,1014.7,
2021-03-13,-11.3,-19,-3.2,0,399,260,17.7,,1022.6,
2021-03-14,-10.4,-18.9,-2.9,0,391,250,17,,1027,
2021-03-15,-6.1,-15.9,-1.4,0,381,244,17.7,,1025.7,
2021-03-16,-4.4,-14.2,0.9,0,371,241,16.4,,1025.4,
2021-03-17,-3,-5.1,1.6,0,361,250,18.7,,1024.3,
2021-03-18,-2.4,-8.8,2.7,0,361,206,15.6,,1026,
2021-03-19,-3.1,-6.9,-0.8,0,351,157,15.1,,1014.1,
2021-03-20,-1.6,-2.7,0.2,2,340,169,9.1,,995.4,
2021-03-21,-3.6,-5.2,0,0,381,272,16.5,,1000.3,
2021-03-22,-4.6,-10.9,0.4,0,371,244,10.9,,1009.9,
2021-03-23,-3.5,-11.8,2.1,0,351,220,13.5,,1012.3,
2021-03-24,0.4,-4.8,2.8,0,340,244,18.9,,1010.3,
2021-03-25,1.1,-2.3,4.6,0.3,340,264,16.9,,1010,
2021-03-26,4.4,-1.5,11.1,0,310,243,16.1,,1008.9,
2021-03-27,2.3,-3.8,7.3,0,249,327,12.7,,1008,
2021-03-28,-1.6,-4.3,0.7,0,239,332,18.8,,1013.5,
2021-03-29,-4.3,-8,-0.7,2,259,344,16.2,,1020.2,
2021-03-30,-3.3,-15.2,4.2,0,259,249,10.9,,1029.8,
2021-03-31,3.1,-3.4,8.8,0,239,226,18.9,,1023.9,
2021-04-01,1.4,0,2.7,2.8,221,221,24.4,,1014.8,
2021-04-02,4.3,1.6,6.4,0,221,229,19.3,,1012.3,
2021-04-03,5.1,0.5,9,0,160,205,16.7,,1015.2,
2021-04-04,3.4,-1,7.7,2,71,157,13.1,,1007.4,
2021-04-05,1.8,0.2,3.8,1,20,202,13.6,,1000,
2021-04-06,2.3,-1.2,7.3,4.1,10,267,18.1,,1012.6,
2021-04-07,3.3,-3.6,8.2,0,,182,10.6,,1021.2,
2021-04-08,5.4,1.4,8.7,0.8,,97,14.6,,1018.7,
2021-04-09,4.5,-0.9,9.5,0,,75,7.5,,1024,
2021-04-10,5.2,-0.7,11.3,0,,169,11.3,,1034.1,
2021-04-11,8.6,0.6,15.5,0,,198,20.3,,1034.2,
2021-04-12,8.3,4,15,0.5,,285,12.6,,1032.3,
2021-04-13,9.3,-2.9,16.7,0,,275,10.3,,1037.7,
2021-04-14,13.5,5.8,22.1,0,,252,16.6,,1028.3,
2021-04-15,15.3,2.8,23.5,0,,249,14.9,,1021.1,
2021-04-16,6,0.7,10.4,0,,9,17.2,,1022.8,
2021-04-17,5.4,-4.9,13,0,,241,12.5,,1023.2,
2021-04-18,0.9,-4.9,5,0,,328,23.1,,1019.4,
2021-04-19,-2.2,-9.8,3.1,0,,349,12.5,,1032.2,
2021-04-20,3,-9.7,10.6,0,,258,14,,1029.8,
2021-04-21,7.7,-1.3,14.7,0,,355,11,,1029.8,
2021-04-22,9.8,-0.2,16.9,0,,145,16.1,,1035.1,
2021-04-23,11.6,6.5,15.4,0,,179,16.2,,1032.5,
2021-04-24,8.2,5.1,11,0,,144,14.5,,1027.5,
2021-04-25,10.9,5,16,0,,130,16.4,,1017.4,
2021-04-26,7.6,4.3,12.8,0,,241,17.3,,1013.2,
2021-04-27,9.7,-0.5,16,0,,234,14.1,,1010.3,
2021-04-28,11.4,5.5,16,0,,252,14.8,,1007.9,
2021-04-29,8.1,1.8,12.3,0.2,,261,18.5,,1009.6,
2021-04-30,5.9,2,9.7,2,,273,17.5,,1014.4,
2021-05-01,10.6,-1.4,16.4,0,,235,15.7,,1021.9,
2021-05-02,11.9,8.9,19.6,2,,227,19.4,,1014.4,
2021-05-03,8.8,5,14.8,0,,303,12.6,,1018.9,
2021-05-04,14.4,3.3,23.2,0,,200,19.3,,1015.3,
2021-05-05,22.2,13.9,27.7,0,,189,20.2,,1002.8,
2021-05-06,10.7,8,13.9,0,,276,25.8,,1004.2,
2021-05-07,12.6,2.1,21.6,0,,257,14.2,,1017.4,
2021-05-08,16.9,3.7,24.8,0,,195,8.8,,1017.1,
2021-05-09,17.8,9.9,24.1,0,,88,13.9,,1016.7,
2021-05-10,15.1,10.1,19.6,0,,75,14.8,,1023.9,
2021-05-11,16.3,7.8,23.6,0,,236,7.9,,1026.1,
2021-05-12,16.4,10.8,21.1,0,,341,12.1,,1025.8,
2021-05-13,20,11.5,28,0,,305,15.3,,1023.2,
2021-05-14,21.9,10.3,30,0,,209,12.4,,1023.2,
2021-05-15,24.4,14.6,31.7,0,,266,13.8,,1018,
2021-05-16,26.1,18.6,32.7,0,,284,14.8,,1015.4,
2021-05-17,25.9,18.9,32.1,0,,271,16.4,,1013.3,
2021-05-18,19.2,13.1,23.7,1.6,,334,17.3,,1013.4,
2021-05-19,15.4,11.6,20,0,,22,13.4,,1022.1,
2021-05-20,18.3,9,25.8,0,,232,11.6,,1020.7,
2021-05-21,22.6,14.5,29.4,0,,241,11.8,,1017.3,
2021-05-22,23.6,17.1,29.5,0,,241,14.6,,1016.6,
2021-05-23,23.4,17.7,27.5,0,,263,15.8,,1015.8,
2021-05-24,23.8,14.1,33.3,0.3,,208,11.2,,1015.8,
2021-05-25,25.6,20.3,30.5,0,,346,10.1,,1011.7,
2021-05-26,20.3,14.8,24.9,0,,310,21.4,,1006.5,
2021-05-27,13.6,10.5,16.8,0,,324,18.8,,1017.3,
2021-05-28,15.4,6.4,23.1,0,,263,10.8,,1019.6,
2021-05-29,21.6,10.8,29.7,0,,176,14.8,,1013.4,
2021-05-30,24.5,16.7,31.2,0,,190,14.8,,1006.6,
2021-05-31,14.9,9,21.6,6,,354,19.7,,1006.8,
2021-06-01,12.2,5.5,17.7,0,,1,9.9,,1015.8,
2021-06-02,16.3,7.6,22.5,0,,285,10.9,,1014.8,
2021-06-03,15.9,11.5,21.5,0,,15,10.8,,1014.6,
2021-06-04,11.3,6.4,15.9,0,,354,17.8,,1022.1,
2021-06-05,17.4,8,24.4,0,,261,13.5,,1022.7,
2021-06-06,21.2,13.8,26.7,0,,241,15.9,,1015.3,
2021-06-07,21.3,14.4,26.1,0,,291,11.4,,1009,
2021-06-08,14,9.7,17.4,0,,33,16.9,,1015.1,
2021-06-09,14.3,7.9,19.2,0,,84,9.1,,1017.3,
2021-06-10,15.4,11.8,19.5,0,,84,7.9,,1017.5,
2021-06-11,16.2,8.2,21.2,0,,47,8.2,,1021,
2021-06-12,18.7,9.3,24.8,0,,181,4.5,,1022.8,
2021-06-13,21.5,12.1,28,0,,230,7.8,,1022.3,
2021-06-14,23.9,14.2,30.4,0,,225,10.4,,1020.1,
2021-06-15,25.7,20.4,31.1,0,,248,15.8,,1014.1,
2021-06-16,25.1,18.8,29.7,0,,282,9.8,,1012.1,
2021-06-17,24.4,17.5,30.3,4.5,,248,17.3,,1005.9,
2021-06-18,15.9,13.3,18.5,2.3,,351,24.2,,1009.9,
2021-06-19,15.3,10.3,18.5,1.3,,296,13.8,,1013.2,
2021-06-20,15.3,10.9,19.5,2.7,,300,26.1,,1004.9,
2021-06-21,14.1,10.9,17.6,0.8,,347,22,,1016.3,
2021-06-22,16.4,12.7,20.6,0,,333,7.7,,1017,
2021-06-23,15.7,12.2,19.8,0.5,,28,14.4,,1015.1,
2021-06-24,15.8,9.2,21.8,0,,345,8.4,,1016.8,
2021-06-25,19.2,11.9,24.4,0,,52,6.3,,1010.9,
2021-06-26,20.4,12.5,26.6,4.1,,175,9.6,,1009.1,
2021-06-27,20.1,15.4,24,0.6,,327,12.9,,1008.4,
2021-06-28,22.3,15.5,27.8,0,,10,8.1,,1013.5,
2021-06-29,26.1,19,31.9,0,,231,12.9,,1012.2,
2021-06-30,28.6,22,34.3,0,,213,7.7,,1010.4,
2021-07-01,29,21.1,35.4,0,,122,6,,1008.6,
2021-07-02,28.5,22,34.3,0.6,,78,7.7,,1006.8,
2021-07-03,26.3,22.3,32.3,0.8,,57,14.2,,1002.4,
2021-07-04,23.2,18.3,29.7,7.1,,310,11.3,,998.2,
2021-07-05,14.3,11.9,18.4,12.6,,0,16.4,,1007.1,
2021-07-06,15.9,11.1,20.4,0,,14,14.9,,1015.2,
2021-07-07,17.8,10.1,23.1,0,,343,7.8,,1019.3,
2021-07-08,21.3,13.4,27.2,0,,318,9.2,,1017.1,
2021-07-09,22.9,16.3,27.7,0,,42,9.1,,1012.3,
2021-07-10,21.4,16,29,7.6,,276,9.6,,1004.9,
2021-07-11,18.1,15,20.6,1,,22,18.4,,1005.9,
2021-07-12,15.5,12,20.7,0,,12,22.5,,1007.5,
2021-07-13,14.9,12.3,18,0,,5,23.1,,1009.6,
2021-07-14,14.1,9.8,18.5,0,,358,21.8,,1010.8,
2021-07-15,11.4,8.9,13.6,8.2,,321,14.6,,1006.9,
2021-07-16,17.1,11,22.9,0.1,,312,10.8,,1005.3,
2021-07-17,19.2,11.7,25.1,0,,32,5.6,,1006.4,
2021-07-18,20.1,12.4,25.8,0.2,,158,6.8,,1007.3,
2021-07-19,19.6,16.4,22.8,18.9,,196,6.4,,1006.3,
2021-07-20,20.4,14.6,25.8,0,,154,3.9,,1007.7,
2021-07-21,23.5,17.6,29.6,0.5,,203,16.8,,1003.7,
2021-07-22,22.9,18.2,27.6,0,,43,8.4,,1003.1,
2021-07-23,25.1,19.3,28.4,0,,254,13.9,,998.6,
2021-07-24,18.6,16.9,21.2,20.3,,2,8.3,,1003.9,
2021-07-25,18.5,13.6,22.4,0.1,,329,11.2,,1008.9,
2021-07-26,15.8,11.5,19.5,0,,298,13.9,,1015.1,
2021-07-27,17.2,11.9,22.9,0.9,,254,14.5,,1009.8,
2021-07-28,13.6,10.7,16.2,1.5,,296,12.5,,1008,
2021-07-29,13.2,7.9,18.7,1.6,,266,11.9,,1008.9,
2021-07-30,16.7,11.2,24.5,3.4,,218,12.4,,1005.6,
2021-07-31,18.4,14.5,22.3,0.5,,275,10.8,,1006.5,
2021-08-01,20.7,16.7,25.8,5,,216,13,,1006.5,
2021-08-02,20.4,16.6,24.4,0,,293,13.9,,1009.7,
2021-08-03,20.8,15.8,25.2,0.1,,295,9.8,,1011.5,
2021-08-04,21.4,14.7,26.4,0.5,,3,4.9,,1013.1,
2021-08-05,22.7,17.3,28.3,6.9,,163,11.7,,1010.3,
2021-08-06,21.5,17.9,26,0.1,,227,13,,1006.2,
2021-08-07,17.1,14.8,19.1,0.7,,309,19.1,,1009.2,
2021-08-08,16.4,13.6,20.1,4.4,,315,13.3,,1011.4,
2021-08-09,18.2,16,20.2,0.5,,333,15.4,,1015.4,
2021-08-10,15.2,13.7,16.5,0.9,,334,17.5,,1015.9,
2021-08-11,14.8,12.6,17.3,0.1,,2,19.3,,1018.7,
2021-08-12,15.3,9.8,20.3,0,,19,13.7,,1023.8,
2021-08-13,16.1,9,21.9,0,,351,4.4,,1023.6,
2021-08-14,19.5,11.6,26.6,0,,222,11,,1017.2,
2021-08-15,20.8,17.6,24.6,0,,301,11,,1016.1,
2021-08-16,20.6,14.5,25.9,0,,242,6.6,,1019.4,
2021-08-17,22.5,16.2,29.8,0,,236,10.9,,1016.7,
2021-08-18,20.9,16.4,25,0,,1,6.2,,1017.4,
2021-08-19,21.3,15.2,27.4,0,,246,5.5,,1017.8,
2021-08-20,23.5,16.3,30.1,0,,232,8,,1018.8,
2021-08-21,25.8,19.8,32.8,0,,229,9.8,,1020.1,
2021-08-22,26.4,20.2,32.8,0,,202,10.2,,1021.3,
2021-08-23,27,20.5,33.6,0,,182,13,,1019.3,
2021-08-24,27.2,21.2,33.7,0,,208,11.9,,1018.2,
2021-08-25,26.2,19.9,32.8,0,,198,9.8,,1016.5,
2021-08-26,25.4,20,31.6,0,,201,10,,1013.6,
2021-08-27,17.5,15,20.6,5.2,,13,16.9,,1016.9,
2021-08-28,13.2,12.2,14,0.1,,21,16.2,,1019.3,
2021-08-29,12,8.5,15.2,0,,333,8.8,,1016.8,
2021-08-30,13.7,10.7,17.9,0,,293,11.9,,1013.4,
2021-08-31,11.4,9.7,14.3,0.2,,325,11.7,,1016.9,
2021-09-01,11.6,7.1,15.4,0,,185,7,,1019.4,
2021-09-02,15.4,9,22,0,,166,20.6,,1013.4,
2021-09-03,20.9,15.5,25.9,0,,171,20.9,,1006.5,
2021-09-04,21.3,15.2,24.8,1.4,,172,20.9,,1001.7,
2021-09-05,14.4,10.8,19.1,0.4,,233,14.8,,1008.4,
2021-09-06,12.2,7.6,16.3,0.5,,230,14.7,,1017.6,
2021-09-07,10.8,6.5,15.2,2.4,,237,10.2,,1017.1,
2021-09-08,8.5,4.3,12.5,0.1,,252,14.8,,1013,
2021-09-09,11.2,7.6,15,0.4,,244,17.7,,1007.1,
2021-09-10,11.3,8.4,13.4,4,,262,19.1,,997.4,
2021-09-11,7.1,6.1,8.1,2.8,,293,22.5,,1002,
2021-09-12,7.5,4.1,10.1,0,,290,21.9,,1007.3,
2021-09-13,6.9,3,10.9,0,,276,13.9,,1011.8,
2021-09-14,8.7,2.4,15.4,7.4,,192,10.9,,1008.6,
2021-09-15,15.8,11.6,20.9,0.1,,207,13.9,,1003.2,
2021-09-16,11.9,6.3,15.9,0.9,,246,16.6,,998.6,
2021-09-17,6.5,4.4,9.2,1.2,,281,17.5,,999.3,
2021-09-18,6.6,4.5,9,0,,276,15.2,,1004.5,
2021-09-19,3.9,3.3,4.8,3.6,,287,21.8,,1006.3,
2021-09-20,5.2,3.8,6.8,0.3,,321,20.6,,1018.2,
2021-09-21,5.1,2.2,7.7,0,,313,12.4,,1024.6,
2021-09-22,4.8,1.6,7.6,0,,336,10.8,,1022.4,
2021-09-23,5.8,2.9,9.2,0,,317,8.6,,1027.4,
2021-09-24,5.7,-2.4,15.1,0,,245,10.7,,1027.5,
2021-09-25,9.7,-1.3,16.4,0,,234,9.8,,1023.1,
2021-09-26,4.3,0.1,8.9,0,,97,19.9,,1024.1,
2021-09-27,4.8,-0.4,8.4,0,,78,22.5,,1025.3,
2021-09-28,5.7,1.6,9.6,0,,49,17.8,,1023.5,
2021-09-29,4.8,0.3,8.6,0,,15,15.9,,1021.9,
2021-09-30,3.9,1.3,9.5,0,,327,12.5,,1020.5,
2021-10-01,3.7,-0.3,6.4,0.5,,336,17.4,,1020.3,
2021-10-02,3.6,-2.4,8.5,0,,311,9.8,,1024.7,
2021-10-03,1.4,-0.2,3.6,0.5,,2,15,,1027.9,
2021-10-04,0.1,-0.7,3.5,0,,3,14.6,,1036.3,
2021-10-05,1.4,-4.3,3.9,0,,307,8.9,,1038.4,
2021-10-06,4,-1,11.3,0,,281,7.9,,1036.7,
2021-10-07,4.6,-1.7,10.6,0,,277,14.4,,1035.4,
2021-10-08,5.8,-0.3,12.7,0,,267,17.3,,1029.3,
2021-10-09,6.6,3.5,12.5,0,,291,15,,1022.9,
2021-10-10,0.7,-0.7,5.3,0,,341,10.3,,1024.6,
2021-10-11,1.2,-3.8,5.1,2.5,,228,11.8,,1026.4,
2021-10-12,8.6,1.6,9.9,4.1,,257,13.8,,1022.9,
2021-10-13,7.1,4.5,14.7,0,,258,9.4,,1030.6,
2021-10-14,6.6,-1.6,16.2,0,,226,9,,1034.3,
2021-10-15,9,-0.2,15.6,0,,194,15,,1030.8,
2021-10-16,6.7,6.2,11,4.1,,202,16.6,,1021.2,
2021-10-17,5.2,2,10.9,0,,230,12.9,,1019.7,
2021-10-18,5.7,-2.3,8.9,0,,206,12.3,,1016.6,
2021-10-19,10.4,5.7,14.7,0,,195,16.5,,1010.2,
2021-10-20,3.8,1.9,7.6,0,,346,12.1,,1005.4,
2021-10-21,-0.7,-4.1,1.1,9.9,20,328,20.2,,1004.5,
2021-10-22,-0.2,-4.7,4.4,1.5,,203,15.1,,1002.2,
2021-10-23,8.2,2.3,12.3,2,,239,23.4,,1001.6,
2021-10-24,5.9,2.6,9.8,7.1,,221,16,,1009.6,
2021-10-25,4.1,2.4,5.8,0.5,,249,15,,1009.6,
2021-10-26,-2,-4.4,0,2,10,282,19.5,,1013.9,
2021-10-27,-0.1,-3.3,2.5,0.8,,215,11.4,,1018.3,
2021-10-28,2,0.3,5.3,1,,218,20,,1008.3,
2021-10-29,-0.7,-5.1,4.1,0.8,,278,22.6,,1012.4,
2021-10-30,-3.6,-6.6,-0.3,2.3,,233,16.5,,1018,
2021-10-31,-2.5,-4.1,-0.7,2.3,,280,12.8,,1017.4,
2021-11-01,-2.4,-8,4.1,1.3,10,299,17.6,,1013.4,
2021-11-02,-9.9,-14.1,-5.5,0,10,354,13.3,,1033.2,
2021-11-03,-8.1,-15.2,-4,0,10,268,12,,1041.5,
2021-11-04,-1.6,-6.8,1.8,0,10,253,18.9,,1036.4,
2021-11-05,0.3,-3,3.2,0,,248,22,,1030.2,
2021-11-06,3,-2.8,6.6,0,,233,21.5,,1024.6,
2021-11-07,2.2,0.5,5.8,3,,228,23.7,,1012.1,
2021-11-08,0.9,-0.6,2.7,1.2,,244,18.4,,1013.5,
2021-11-09,1.2,-1.2,3.4,3,,198,18.4,,1011.7,
2021-11-10,-0.2,-2.6,2.3,1.6,,258,14.4,,1008.2,
2021-11-11,-8.3,-8.5,-5.1,0.8,10,289,11.2,,1022.5,
2021-11-12,-4.9,-8.8,-0.2,0.5,,208,17.8,,1011,
2021-11-13,-1.1,-3.6,0.6,0,10,209,11.8,,1006.8,
2021-11-14,-5.7,-7.1,-1.4,2.8,20,340,14.4,,1007.3,
2021-11-15,-11.4,-16.8,-7,0,41,275,12.9,,1020.5,
2021-11-16,-9,-11.1,-6.9,0,,241,17.4,,1017.4,
2021-11-17,-10.5,-13,-6.3,1.3,41,274,18.6,,1006.3,
2021-11-18,-15.4,-18.6,-12.2,0,51,283,16,,1020,
2021-11-19,-8,-13.6,-2.6,0.6,,220,15.9,,1020.2,
2021-11-20,-5.1,-5.8,-2.5,0,51,208,21,,1011.2,
2021-11-21,-5.4,-7.6,-4.1,0,51,176,19.6,,997,
2021-11-22,-3.4,-5.5,-1.4,2.8,61,228,20.4,,985.9,
2021-11-23,-4.3,-5.9,-2.8,0,61,254,20.9,,994.8,
2021-11-24,-8.1,-11.4,-5.9,0.2,,253,15.8,,1006.4,
2021-11-25,-15.3,-15.4,-11.2,0,71,244,11.2,,1011.9,
2021-11-26,-11.9,-15.4,-5.1,0.4,,224,13.1,,1018.2,
2021-11-27,-1,-6.8,0.4,0.3,71,238,23.1,,1018.6,
2021-11-28,-3.2,-6.5,-0.6,0,61,221,15.6,,1025.5,
2021-11-29,-4.6,-6.6,-1.8,0,,219,14.5,,1021.2,
2021-11-30,-2.6,-4.2,-1.2,0,,198,13.1,,1017,
2021-12-01,-0.4,-2.5,1.7,2.8,,189,22.5,,1006.4,
2021-12-02,1.5,-0.4,2.2,1.4,,208,20.3,,996.8,
2021-12-03,-3.3,-5.2,-1.8,0,,248,21,,1005,
2021-12-04,-0.5,-2.5,1.9,0.2,,216,17.7,,1015,
2021-12-05,0.2,-3.7,1.4,5.1,,235,18,,1010.8,
2021-12-06,-6.9,-17.1,-3,2.2,,226,11.5,,1015.8,
2021-12-07,-17.2,-20.5,-13.8,0,,283,9.7,,1028.2,
2021-12-08,-16.4,-18.8,-12.3,0,,257,9,,1038.4,
2021-12-09,-8.7,-13.6,-5.4,1,,204,15.8,,1035.1,
2021-12-10,-7.7,-9,-5.9,0,,215,18.7,,1028.6,
2021-12-11,-11.1,-13.8,-5.6,0,,311,12.2,,1031.7,
2021-12-12,-12.3,-15.5,-8.8,0,,292,12.6,,1034.8,
2021-12-13,-10,-12.6,-8.4,0,,288,12.2,,1033.8,
2021-12-14,-8.4,-12.5,-5.3,0,,245,14.5,,1028.4,
2021-12-15,-4.8,-6.3,-3.8,0.2,,263,18.4,,1022.8,
2021-12-16,-5.5,-9.5,-3.1,0.3,,214,10,,1017.8,
2021-12-17,-6.2,-11,-3.3,1.2,,236,11.7,,1010.4,
2021-12-18,-7.2,-9.9,-5.9,1.2,,118,5.9,,1013.8,
2021-12-19,-4.4,-6.2,-3.4,4.5,,122,10.2,,1004.1,
2021-12-20,-5.3,-11.5,-1.3,1.2,,193,13.4,,1005.4,
2021-12-21,-3.5,-7.2,-1.3,2.6,,172,19,,1011.4,
2021-12-22,-1.7,-6.6,-0.7,16,,165,15.6,,1001.3,
2021-12-23,-12,-15.5,-7.6,0.3,,202,12.2,,1013.2,
2021-12-24,-15.1,-20.7,-11.4,2.9,,224,16.7,,1016.5,
2021-12-25,-21.6,-23.2,-20.7,0,,209,16,,1029.4,
2021-12-26,-20.9,-23.7,-16.8,0,,177,18.2,,1029.3,
2021-12-27,-12.4,-15.8,-10,1.8,,184,21.4,,1017,
2021-12-28,-16.3,-18.6,-10.4,0.1,,236,13.8,,1018.6,
2021-12-29,-19.5,-20.5,-18,0,,254,16.8,,1024.4,
2021-12-30,-19.1,-21,-16.6,0,,242,17.9,,1032.7,
2021-12-31,-16.8,-18.2,-14.8,0,,213,13.9,,1027.5,
2022-01-01,-13.1,-17.3,-9.7,0.4,,198,15.9,,1016.3,
2022-01-02,-10.3,-12.6,-6.1,1.3,,193,15.1,,1007.4,
2022-01-03,-6.3,-9.5,-4.5,4.7,,192,18.4,,996.3,
2022-01-04,-13.7,-17.1,-5.3,0.5,,252,19,,996.8,
2022-01-05,-19,-21.5,-17.3,0,,243,16.1,,1010.8,
2022-01-06,-25.2,-28.6,-19.3,0,,173,9.2,,1021.8,
2022-01-07,-5.9,-17.4,-1,3.7,,180,19.7,,1008.2,
2022-01-08,-1.5,-6.1,1.8,4.1,,258,16.2,,1000.3,
2022-01-09,-12.5,-16.7,-6.1,0.1,,281,17.5,,1022.1,
2022-01-10,-14.8,-17.2,-12.9,0,,224,17.9,,1032.4,
2022-01-11,-13.4,-14.9,-12.5,0,,244,11.1,,1026.8,
2022-01-12,-16.3,-20,-12.9,0,,317,9.7,,1028.5,
2022-01-13,-18.1,-21.1,-14.9,0,,242,12.2,,1025.7,
2022-01-14,-16.7,-18.3,-14.7,0,,170,19.5,,1008.5,
2022-01-15,-13.2,-16.4,-10.4,3.3,,162,14,,991.3,
2022-01-16,-3.8,-11.8,-1.6,7.4,,170,19.6,,987.8,
2022-01-17,-12,-14.6,-5,1.8,,244,24.9,,997.5,
2022-01-18,-9.9,-12.4,-8.3,0,,223,21.3,,1011.7,
2022-01-19,-7.9,-9.6,-6.1,0,,225,17.4,,1017.8,
2022-01-20,-9.6,-12.5,-7,0,,204,14.7,,1023,
2022-01-21,-14,-16.3,-12.6,0,,203,13.8,,1024.1,
2022-01-22,-14.4,-17.7,-12,0,,222,11,,1029.4,
2022-01-23,-15.1,-17.3,-13.3,0,,226,9.6,,1036.2,
2022-01-24,-13.8,-14.7,-13.2,0,,214,13.1,,1036.2,
2022-01-25,-10.5,-14.8,-7.3,2.2,,253,14.8,,1025.8,
2022-01-26,-10.2,-13.8,-7.2,0,,235,11.4,,1024.6,
2022-01-27,-12.5,-15,-10.8,0,,202,16.5,,1022.8,
2022-01-28,-16.5,-19.9,-13.5,0,,224,9.4,,1024.2,
2022-01-29,-16.9,-20.5,-12.2,0,,109,7.2,,1022.9,
2022-01-30,-15.2,-16.2,-13.6,0,,109,5.5,,1015.2,
2022-01-31,-15.6,-16.8,-14.2,0,,234,5.9,,1016,
2022-02-01,-11,-15.3,-7.2,0,,193,9.8,,1022.3,
2022-02-02,-6,-9.4,-4.5,0.7,,193,19.5,,1021.8,
2022-02-03,-6.7,-9.5,-3.8,1.1,,197,17.5,,1024.8,
2022-02-04,-3.2,-5.5,-1.6,5.3,,204,18.6,,1018.9,
2022-02-05,-6.7,-9,-5.2,0,,176,13.3,,1018.7,
2022-02-06,-11.5,-14,-9.6,0,,119,7.8,,1016.8,
2022-02-07,-15.8,-17.7,-13.3,0,,95,12.1,,1018.3,
2022-02-08,-10.1,-16.7,-7.6,0,,123,12.2,,1023.8,
2022-02-09,-9.4,-11.6,-8.1,0,,116,15.1,,1030.1,
2022-02-10,-11.1,-12.8,-9.8,0,,133,15.8,,1034.5,
2022-02-11,-17.3,-20.7,-14,0,,122,20.6,,1027.4,
2022-02-12,-14.8,-18.3,-13.5,5.6,,130,16.9,,1014.5,
2022-02-13,-18.6,-21.4,-15.9,0.2,,145,4.6,,1014.9,
2022-02-14,-15.8,-19.1,-12.5,0.3,,34,7.8,,1017.3,
2022-02-15,-15.3,-18.7,-11.8,0,,245,8.1,,1023.7,
2022-02-16,-12.4,-16.4,-6.9,0.1,,209,11.7,,1022.1,
2022-02-17,-5.3,-6.9,-3.4,0,,235,18.5,,1019.1,
2022-02-18,-8.5,-10.9,-6.9,0,,217,15,,1022.1,
2022-02-19,-10.6,-12.6,-8.9,0,,205,16.8,,1024.4,
2022-02-20,-11.3,-13.7,-9.6,0,,188,17,,1016.9,
2022-02-21,-4.8,-8.7,-1,0.4,,204,17.9,,1005.7,
2022-02-22,-4.1,-6,-1.6,0,,243,11.4,,1010.6,
2022-02-23,-1.9,-6.9,2.1,2.9,,218,20.3,,1012.4,
2022-02-24,-0.1,-1.2,1.2,4.8,,241,21.2,,1011.8,
2022-02-25,-3.8,-6.5,-0.9,0,,270,11.1,,1022.8,
2022-02-26,-5.8,-8.1,-2.6,0,,243,14.9,,1030.1,
2022-02-27,-3.6,-6.7,-0.8,1.2,,233,15,,1028.4,
2022-02-28,-3.6,-6.7,-1.4,0.4,,270,12.4,,1027.5,
2022-03-01,-3.2,-4.8,-1.4,0,,280,21.2,,1017.4,
2022-03-02,-5.8,-10.3,-2.7,0,,256,16.3,,1023,
2022-03-03,-3.8,-5.9,-1.3,0,,242,16.5,,1015.9,
2022-03-04,-5.3,-8.9,-3.1,0,,258,13,,1011,
2022-03-05,-3.5,-4.9,-2.1,2.3,,122,13.5,,1005,
2022-03-06,-11,-16.7,-5.7,9.7,,10,26.2,,990.1,
2022-03-07,-18.3,-20.2,-16.8,0.1,,312,19.5,,1001.4,
2022-03-08,-20.2,-23.1,-16.4,0,,283,14.1,,1018,
2022-03-09,-21.1,-25.6,-14.7,0,,60,6.3,,1029.5,
2022-03-10,-21.6,-25.8,-16.1,0,,57,8.5,,1036.9,
2022-03-11,-20.3,-23.7,-15.4,0,,60,9.2,,1037.4,
2022-03-12,-20.5,-24.3,-15.4,0,,78,7.7,,1030.6,
2022-03-13,-19.1,-24.3,-13.4,0,,93,8.5,,1025.8,
2022-03-14,-13.2,-16,-9.6,0,,95,13.1,,1028.5,
2022-03-15,-14,-17,-10.3,0,,63,12.4,,1034.4,
2022-03-16,-14.9,-20.9,-7.8,0,,309,8.2,,1038.6,
2022-03-17,-10.3,-15.9,-5.7,0,,284,11.4,,1032,
2022-03-18,-5.8,-8.2,-2.9,0.1,,353,7.8,,1033.9,
2022-03-19,-6.2,-9.8,-2.1,0,,225,15.4,,1031.2,
2022-03-20,-2.5,-6.2,1.2,1.4,,243,17.5,,1012.7,
2022-03-21,-2.8,-6.1,0.3,0.5,,290,11.6,,1001.1,
2022-03-22,-2.5,-3.7,-1.3,3.2,,321,18.7,,1009.9,
2022-03-23,-1.6,-3.4,0.7,1.2,,288,21.8,,1004.3,
2022-03-24,-1.3,-3.2,1,1.5,,276,19.9,,1008.8,
2022-03-25,-0.6,-5.4,2.3,0.5,,266,25,,1006.8,
2022-03-26,-7.5,-11.4,-4,0,,225,10.8,,1020,
2022-03-27,-8.7,-12.7,-4.9,0,,159,15.5,,1011,
2022-03-28,-2.2,-6.8,2.1,0.1,,174,21.4,,1003.2,
2022-03-29,-0.8,-3,0.5,1.4,,216,10.7,,1001.4,
2022-03-30,-0.6,-5.7,3.1,2.9,,222,20.3,,1004,
2022-03-31,-1.2,-3.5,2.7,1.4,,249,15,,1015.6,
2022-04-01,-4,-7,-1.4,5.6,,5,9.7,,1018.5,
2022-04-02,-4.2,-8.3,-1.6,4.6,,88,11.3,,1018.5,
2022-04-03,0.9,-2.4,5.5,3.2,,112,16.7,,1012.1,
2022-04-04,4.5,2.8,7,1.6,,194,15.5,,1003.4,
2022-04-05,2.9,-0.9,5.5,0,,227,17.6,,1000.2,
2022-04-06,-0.3,-3.1,3.3,0,,244,20,,1013.6,
2022-04-07,0.1,-3.5,4.3,1.6,,211,14,,1012.3,
2022-04-08,-0.3,-3.2,3.6,0,,264,15.3,,1015,
2022-04-09,-0.3,-6.7,3.8,0,,148,7.5,,1023.9,
2022-04-10,1.4,-2.4,5.7,0,,115,13.3,,1030.1,
2022-04-11,1.9,-2.1,6.3,0,,118,12.7,,1029.3,
2022-04-12,2.4,-2.4,7.2,0,,102,13,,1026.8,
2022-04-13,5.1,0.7,10.3,3.6,,115,17,,1023,
2022-04-14,10.2,4.2,16.4,5.1,,172,13.1,,1016.8,
2022-04-15,13.9,7.8,19.8,0,,180,14.8,,1011.8,
2022-04-16,7.6,3.9,10.5,0.2,,247,17.2,,1008.8,
2022-04-17,3.2,-1.6,7.2,0,,299,12.3,,1021.3,
2022-04-18,4.6,0.8,8.8,0,,158,3.7,,1024,
2022-04-19,5.3,1.5,8.5,5.4,,230,11.8,,1020.1,
2022-04-20,5.2,0.1,10.6,0.1,,254,11.2,,1015.4,
2022-04-21,1.3,-3.1,4,1,,343,17.2,,1014.4,
2022-04-22,-0.5,-5.8,4.9,0,,312,14.6,,1021.3,
2022-04-23,-0.1,-5.8,5.4,0,,51,7,,1024.6,
2022-04-24,4.5,-3.5,11.6,0,,187,11.9,,1022.7,
2022-04-25,7.7,3.8,13.7,2.7,,230,15,,1014.8,
2022-04-26,9.5,1.8,16.4,0,,240,7.5,,1016.5,
2022-04-27,14.9,8.3,20.9,0.1,,217,18.4,,1012.3,
2022-04-28,17.6,12.7,23.6,0,,223,20.8,,1010.3,
2022-04-29,9.6,5.2,14.5,0,,309,14,,1017.9,
2022-04-30,5,-0.6,9.5,0,,16,9.3,,1022.9,
2022-05-01,6.3,-1.1,11.9,0,,129,10.2,,1014.6,
2022-05-02,5.1,1.6,9,0.4,,287,20.7,,1011.2,
2022-05-03,6.1,0.6,11,0,,266,12.5,,1016.6,
2022-05-04,10.8,2.6,17.6,0,,201,17.3,,1012.9,
2022-05-05,12.2,6.7,18.9,1.8,,215,14,,1007.1,
2022-05-06,5.7,2.1,9.4,5.5,,275,24.8,,1007.4,
2022-05-07,6.3,-1.4,11.8,0.2,,280,16.7,,1025.9,
2022-05-08,11.5,5.1,18,0,,256,14.3,,1027.7,
2022-05-09,13.5,5,21,0,,200,9.5,,1023.9,
2022-05-10,15.5,6.8,22.3,0,,118,19.1,,1016.5,
2022-05-11,15.1,12.1,19.7,1.8,,140,17,,1011,
2022-05-12,13.2,8.4,18.5,0.1,,241,14.1,,1015.3,
2022-05-13,14.8,7.2,22,1.3,,154,16.4,,1009.2,
2022-05-14,12.5,8,18.3,0.5,,212,13.9,,1001.8,
2022-05-15,14.5,7.7,20.4,0,,216,15.4,,1004.3,
2022-05-16,13.4,8.7,18.1,0.5,,166,8.5,,1000.4,
2022-05-17,12.1,8.9,15.6,6.9,,233,11.1,,998.2,
2022-05-18,13.9,7.3,19.1,0,,202,11,,1002.4,
2022-05-19,11,7.3,14.9,2.5,,253,17.4,,999.6,
2022-05-20,9.1,4.7,13.9,3.9,,256,16.9,,1004.7,
2022-05-21,8,3.6,12,9,,68,14.9,,999.4,
2022-05-22,8.3,5.4,11.3,6,,206,17.6,,994.2,
2022-05-23,8.8,3.5,13.8,0.1,,182,15.3,,1003.9,
2022-05-24,14.4,7.8,19.7,2.5,,174,14.1,,1008.4,
2022-05-25,19.2,11.8,26,0,,122,15.5,,1010,
2022-05-26,,,,,,,,,,
2022-05-27,,,,,,,,,,
2022-05-28,15.2,7.7,23.2,0.6,,215,14.5,,1008.4,
2022-05-29,15.3,10,20.7,1,,232,19.4,,1009.4,
2022-05-30,15.9,11.3,19.9,0.3,,256,16.3,,1012.3,
2022-05-31,12.7,9.1,15.6,6.7,,323,15.3,,1010.4,
2022-06-01,14.9,8.6,20.1,0,,335,16.4,,1015.9,
2022-06-02,17.2,9.1,23.7,0,,339,7.8,,1016.9,
2022-06-03,12.2,8.8,15,0,,40,13.4,,1018.3,
2022-06-04,10.4,4.9,14.2,0,,18,9.4,,1018.4,
2022-06-05,12.6,4.8,18.2,0,,99,7.6,,1017.1,
2022-06-06,15.2,7.1,20.2,0,,173,9.6,,1015,
2022-06-07,13.9,10.8,17.2,11.2,,91,21.1,,1008.7,
2022-06-08,18.1,12.7,23.4,0.5,,149,19.7,,999.3,
2022-06-09,15.2,10.7,18.8,0.4,,169,10.5,,1001.1,
2022-06-10,15.3,10,21.2,3,,29,5.8,,1000.4,
2022-06-11,16.4,11.7,20.5,0.7,,285,10.1,,997.2,
2022-06-12,15.5,11.5,19,4.1,,281,13.2,,998.3,
2022-06-13,13,11.7,13.8,11.8,,303,11.1,,1002.9,
2022-06-14,14.4,11.4,18.1,2.7,,325,13.5,,1007.4,
2022-06-15,18.2,11.7,23.4,0,,299,12.7,,1009.4,
2022-06-16,19.4,13.3,24.7,0,,321,10.2,,1010.2,
2022-06-17,20.5,12.2,26.2,0,,350,6.2,,1009.7,
2022-06-18,21.7,13.8,27.5,0,,124,7.8,,1006.9,
2022-06-19,20,15.9,24,8.9,,332,6.5,,1003.9,
2022-06-20,19.3,15,22.3,2.8,,222,5.3,,999.4,
2022-06-21,17.6,15.4,20.6,2.8,,209,13,,989.5,
2022-06-22,15.9,12.7,18.8,6.4,,269,21.7,,990.3,
2022-06-23,20,15.3,25.6,1.6,,298,14.3,,1002.3,
2022-06-24,19.9,15.4,23.8,0,,296,11.3,,1006.1,
2022-06-25,19.3,14,24.1,0,,260,12,,1002.1,
2022-06-26,12.2,9.9,14.7,0.3,,307,19.2,,1002,
2022-06-27,12.3,9.3,16.4,0.2,,308,18.4,,1005.1,
2022-06-28,10.5,7.6,11.9,10.3,,323,13,,1004,
2022-06-29,8.8,6.8,10.2,6.6,,313,17.9,,1001.6,
2022-06-30,13.4,7.8,18.5,0,,323,15.5,,1005.2,
2022-07-01,12.7,7.5,17.1,0.2,,315,14.7,,1011.4,
2022-07-02,15.6,10.6,20,0,,328,10.4,,1011,
2022-07-03,16.9,12.3,23.3,11.4,,289,10.8,,1007.2,
2022-07-04,12.9,11.4,15.2,0,,22,20.7,,1007.5,
2022-07-05,13,10.2,15.9,0,,4,19.1,,1008.2,
2022-07-06,15.4,8.2,20.2,0.1,,353,9.4,,1009.7,
2022-07-07,19.8,14.7,24.8,4.4,,21,12.2,,1013.8,
2022-07-08,21.4,14.2,26.4,0,,43,6,,1016.3,
2022-07-09,22.8,15.1,29,0,,166,6,,1015,
2022-07-10,24.2,16.1,29.5,0,,100,5.8,,1015.5,
2022-07-11,25.1,20,29.9,0,,23,11.6,,1018.9,
2022-07-12,22.8,18.7,26.1,0,,38,13.5,,1024.2,
2022-07-13,23.7,15.7,30.5,0,,280,8.4,,1021.1,
2022-07-14,26.1,20.2,31.6,0.3,,278,9,,1014.2,
2022-07-15,25.3,18.8,30,0.1,,132,7.8,,1010,
2022-07-16,21.6,18.2,25.7,18.5,,53,8.1,,1006.1,
2022-07-17,20.1,17.4,23.7,5.3,,354,5.7,,1010.6,
2022-07-18,20.2,14.8,24.6,0,,34,5.7,,1015.4,
2022-07-19,21.3,15.5,26.1,0,,196,7.9,,1013.2,
2022-07-20,18.9,17.5,21.7,8.6,,187,8.8,,1003.7,
2022-07-21,17.9,15.3,22.2,3.9,,302,17.4,,1001.5,
2022-07-22,18.2,13.4,23.4,0.7,,293,12.2,,1005.3,
2022-07-23,18.2,14.5,22.1,0,,320,10.8,,1005.3,
2022-07-24,19.5,13.2,24.7,0,,295,9.1,,1006.4,
2022-07-25,22.9,16.4,29,0.1,,220,11.1,,1006.9,
2022-07-26,22.1,17.3,27.9,13.7,,324,7,,1006.4,
2022-07-27,18.9,15.8,22.1,0,,22,14.8,,1009.6,
2022-07-28,17.8,15.3,21.4,0,,19,16.5,,1013.3,
2022-07-29,18.2,13.8,22.2,0,,27,15.5,,1014.3,
2022-07-30,20.2,14.4,25.4,0.5,,14,11.9,,1013.6,
2022-07-31,19.9,16.5,24.1,7.7,,1,9.7,,1010.5,
2022-08-01,18.1,15.8,20.6,9.9,,42,13.8,,1012.1,
2022-08-02,17.6,12.7,21.9,0,,45,11.4,,1016.8,
2022-08-03,17.9,12.5,22.6,0,,52,9,,1021.4,
2022-08-04,19.6,12.5,24.4,0,,20,4.6,,1022.6,
2022-08-05,20.8,13.6,26.2,0,,300,5.7,,1021.3,
2022-08-06,21.6,15.9,26.7,0,,312,8.5,,1019.3,
2022-08-07,21.8,17.7,26.2,0,,3,8.7,,1017.8,
2022-08-08,21.3,16.2,26.1,0,,35,10.1,,1018,
2022-08-09,21.2,15.4,26.5,0,,34,8.7,,1018.2,
2022-08-10,21.9,17.8,27.1,0,,0,9.6,,1017.8,
2022-08-11,21.5,16.2,27.2,0.7,,114,7.4,,1016.3,
2022-08-12,18.4,14,21.9,3.7,,294,15.4,,1013.8,
2022-08-13,19.1,15.9,23.2,0,,281,20,,1009.5,
2022-08-14,15.8,12,19.6,0,,313,15.9,,1016.1,
2022-08-15,14.4,10.1,18.4,0,,322,11.7,,1020.6,
2022-08-16,14.8,8.3,20.1,0.1,,306,14,,1020.5,
2022-08-17,12.6,9.4,15.8,0.1,,336,14.6,,1020.8,
2022-08-18,10.3,6.4,13.1,0,,350,12.1,,1024.6,
2022-08-19,14,9.8,18.5,0,,321,13.9,,1026.8,
2022-08-20,17.9,12.9,22.6,7,,342,14.1,,1022.6,
2022-08-21,15.4,10.3,20,0,,357,11.4,,1025.9,
2022-08-22,18.2,12.6,24,0.2,,326,10.7,,1025.1,
2022-08-23,20.1,15.2,25.1,0,,332,9.9,,1026.3,
2022-08-24,20.1,14.9,25.3,0,,300,6.2,,1025.9,
2022-08-25,20.7,16.4,26.4,1.6,,306,10.2,,1021.4,
2022-08-26,20.1,13.3,27.5,0.5,,285,11.6,,1018.7,
2022-08-27,16.2,11.6,19,0,,37,9.7,,1023.2,
2022-08-28,17,9.9,23.9,0,,221,10.4,,1023.3,
2022-08-29,19.6,13.8,26.5,0,,260,11.4,,1018.1,
2022-08-30,21.4,15.3,27.7,0,,255,12.4,,1015.7,
2022-08-31,21.8,16.7,28.5,0.2,,225,13.1,,1007.9,
2022-09-01,17.7,15.6,20.2,0,,8,10.8,,1010.3,
2022-09-02,20.7,13.8,28.1,0,,131,15.6,,1010,
2022-09-03,17.7,12.2,21.8,1.7,,284,13.6,,1010.4,
2022-09-04,12.4,9.2,16.3,0,,270,17.4,,1015.1,
2022-09-05,11.2,8.4,13.8,0,,266,7.5,,1011.3,
2022-09-06,9.6,5.1,12.7,0,,23,10.1,,1006.9,
2022-09-07,9.2,7.5,11.3,0.1,,311,15.4,,1002,
2022-09-08,9.9,5.4,14.6,0,,250,14.2,,1012,
2022-09-09,10.1,7.1,13.4,0.6,,247,10.3,,1014,
2022-09-10,8.3,3.5,13,0.2,,298,7.7,,1014.5,
2022-09-11,8.3,4.1,12.8,0.3,,336,9.9,,1014.6,
2022-09-12,7.9,3.2,11.9,0.5,,295,4.8,,1020.9,
2022-09-13,9.6,5,14.5,0,,222,7.1,,1024.9,
2022-09-14,10.8,5.6,15.9,0,,225,8.4,,1026,
2022-09-15,13.2,9.6,18.2,0,,151,11.4,,1024,
2022-09-16,12,8.9,15.5,0,,146,15.6,,1020.6,
2022-09-17,13.1,9.8,16,0.1,,154,19,,1017.7,
2022-09-18,16.5,13.2,21,0.2,,201,18.9,,1014.8,
2022-09-19,16.2,10.8,21.4,0,,208,8.8,,1017.7,
2022-09-20,20,14.9,26.2,0,,219,12.9,,1017.8,
2022-09-21,17.5,13.5,22.4,0,,245,11.7,,1017,
2022-09-22,14.1,10,17,0,,359,7.7,,1020.5,
2022-09-23,13.9,8.7,20.3,0,,127,8.4,,1020.1,
2022-09-24,14.6,10.4,19.4,0,,88,9.8,,1013.2,
2022-09-25,8.7,5.8,12.3,0.5,,51,22.3,,1014.4,
2022-09-26,4,2.2,5.4,0,,67,25.2,,1014.4,
2022-09-27,0.8,-1.3,2.4,0.4,,19,16.5,,1018.5,
2022-09-28,0.3,-2.3,2.8,0.5,,348,12.4,,1023.7,
2022-09-29,0,-3.4,2.1,0,,344,6.7,,1029.2,
2022-09-30,0.3,-3.2,2.4,0,,89,4.4,,1035.9,
2022-10-01,-0.6,-4.3,3.3,0,,170,10,,1038,
2022-10-02,4.3,0.2,8.1,0,,171,15.9,,1031.5,
2022-10-03,7.9,3.8,12.2,0.7,,192,18.7,,1027.3,
2022-10-04,12.1,9.3,16.9,0.2,,245,15.4,,1029.1,
2022-10-05,10.4,6.9,14.7,0,,230,13.8,,1031,
2022-10-06,10.3,6.3,14,0,,197,12.3,,1023.6,
2022-10-07,9.6,6.6,12.7,1.4,,215,13.5,,1013.6,
2022-10-08,6.6,3.3,10.3,3,,255,12.3,,1010.9,
2022-10-09,8.1,3.7,12.5,0,,284,16.2,,1018.2,
2022-10-10,10.4,6.3,14.5,0,,241,19.2,,1019.8,
2022-10-11,10.3,7.5,12.7,0,,269,14,,1021.2,
2022-10-12,6.3,1,11.7,0,,52,6.3,,1023.2,
2022-10-13,8.6,4.7,13.3,0,,120,13.5,,1021.6,
2022-10-14,9.8,7.7,13.6,0,,146,14.6,,1014.7,
2022-10-15,7.8,4.2,12.2,2.9,,215,9.4,,1017.6,
2022-10-16,5.7,3,9.2,0.5,,282,10.3,,1020,
2022-10-17,5.3,3.1,8.3,0.9,,288,14.2,,1022.1,
2022-10-18,5.8,2.5,9.8,0,,235,15.6,,1015.5,
2022-10-19,5.3,2.9,7.2,0.2,,217,13.4,,1004.4,
2022-10-20,4.1,1.5,7,0,,248,13.4,,1005.5,
2022-10-21,2.6,-0.2,6.3,0,,237,14.5,,1007.3,
2022-10-22,-0.2,-3.2,1.7,0,,296,13,,1008.8,
2022-10-23,0.3,-1.8,2.3,0,,273,20.4,,1017.1,
2022-10-24,1.4,-1.6,4.6,0,,223,22.4,,1015.6,
2022-10-25,2,-1.5,4,2.3,,247,17.5,,1006.8,
2022-10-26,-0.8,-2.3,1.3,0,,341,13.5,,1016,
2022-10-27,-1.7,-3.7,2.1,0,,303,12.9,,1027.3,
2022-10-28,0.1,-3.5,2.8,0,,244,19.9,,1024.2,
2022-10-29,0.2,-1.1,2,0,,212,9.8,,1025.2,
2022-10-30,-2.8,-4.5,-0.4,0,,164,13.7,,1017.6,
2022-10-31,-1.6,-4.8,1.1,0.7,,163,19,,1009.2,
2022-11-01,2.8,1.1,4.1,0.4,,163,17.8,,1008.4,
2022-11-02,2.6,0.7,4.5,7.6,,110,17.3,,1006.3,
2022-11-03,-0.6,-2.5,1.7,2.8,,153,12.7,,1009,
2022-11-04,0.6,-0.6,1.8,6.6,,69,14.1,,1007.5,
2022-11-05,-0.2,-1.5,0.4,13.6,,334,18.1,,1001.4,
2022-11-06,-2.3,-3.4,-1.3,0.3,,292,16.4,,1013.5,
2022-11-07,-2.3,-2.9,-1.6,0.3,,283,8.2,,1017.8,
2022-11-08,-1.5,-3,-0.4,0,,224,11.4,,1017.5,
2022-11-09,-0.5,-2.5,0.7,1.3,,232,15.3,,1018.5,
2022-11-10,0.6,0,1.2,2,,256,11.3,,1018.7,
2022-11-11,0.7,0,2.3,3.7,,215,13.2,,1016.8,
2022-11-12,2.9,2,3.9,0,,246,13,,1005.6,
2022-11-13,1.2,0.6,1.9,5.4,,138,14.3,,991.2,
2022-11-14,0,-1.7,0.5,9.4,,51,16,,984.3,
2022-11-15,-7.4,-13.8,-3.1,1.7,,346,20,,994.6,
2022-11-16,-16.8,-19.7,-14.4,0.1,,331,14.3,,1010.8,
2022-11-17,-22.5,-25.3,-18.3,0,,333,5.6,,1028.4,
2022-11-18,-19.8,-26,-13.9,0,,217,11,,1028.1,
2022-11-19,-13.9,-17.5,-9.1,0,,299,13,,1022,
2022-11-20,-13.9,-16.1,-11.3,0,,252,13.3,,1023.7,
2022-11-21,-12.2,-14.4,-10.2,0,,242,12.4,,1018,
2022-11-22,-12.7,-22.5,-6.3,0,,320,14.8,,1019.7,
2022-11-23,-22.6,-24.1,-20,0,,110,6.8,,1032.1,
2022-11-24,-17.2,-19.6,-14.9,0,,95,10.8,,1026.4,
2022-11-25,-21.6,-24.4,-18.8,0,,19,12.1,,1032.5,
2022-11-26,-27.6,-30.5,-25.1,0,,123,9.1,,1050.5,
2022-11-27,-23,-25.4,-19.9,0,,184,10.2,,1051.4,
2022-11-28,-23.1,-25.3,-20.4,0,,187,9.4,,1050.8,
2022-11-29,-19.8,-22,-16.7,0,,205,10.1,,1046.7,
2022-11-30,-18.5,-20.3,-17,0,,140,7.7,,1042.1,
2022-12-01,-20.1,-23.8,-17.5,0,,82,8.1,,1045.5,
2022-12-02,-23,-25.6,-19.5,0,,19,8.7,,1053,
2022-12-03,-20.9,-25.6,-16.3,0,,283,9.4,,1049.7,
2022-12-04,-12.9,-18.6,-8,1.6,,323,13.5,,1037.3,
2022-12-05,-13.2,-16.4,-9.4,0,,84,8.1,,1040.5,
2022-12-06,-15.1,-18.3,-13.3,0,,233,7.4,,1042.3,
2022-12-07,-19.6,-21.9,-17.5,0,,238,12.5,,1038.8,
2022-12-08,-13.8,-17,-9.6,0,,258,15.7,,1031.6,
2022-12-09,-12.9,-14.6,-11.7,0,,273,15.9,,1030.9,
2022-12-10,-11.4,-13.6,-9.5,2.1,,253,12.3,,1032.8,
2022-12-11,-8.3,-9.1,-7.7,4.9,,227,10.2,,1032.1,
2022-12-12,-6.5,-10.6,-3.7,4.8,,263,17.2,,1025.7,
2022-12-13,-15.5,-20.3,-10.8,3.8,,70,8.3,,1034.2,
2022-12-14,-15.8,-21.1,-11.3,0,,173,12.4,,1042.6,
2022-12-15,-18.4,-20.3,-11.6,0,,164,13.9,,1039.6,
2022-12-16,-20,-22,-18.2,0,,209,10,,1035.4,
2022-12-17,-12.1,-20,-6.1,0.1,,245,15.2,,1030.1,
2022-12-18,-11.7,-16.2,-6.1,3.9,,186,11.6,,1031.7,
2022-12-19,-0.2,-5.5,1.3,6,,212,17.7,,1011.6,
2022-12-20,-9.7,-16.5,0.8,0.1,,262,20.5,,1011.2,
2022-12-21,-18.3,-20.8,-16.8,0,,278,15.3,,1014.9,
2022-12-22,-21.3,-25.3,-14.6,0,,246,15.5,,1025.4,
2022-12-23,-5.6,-13.6,-0.8,2.6,,226,22.2,,1015.4,
2022-12-24,-0.3,-2.3,1,0,,233,17.4,,1020.6,
2022-12-25,-2.4,-9,0.6,0,,234,19.4,,1022.8,
2022-12-26,-8.7,-10.7,-6.2,0,,242,15.8,,1025.1,
2022-12-27,-9.8,-16.2,-7.4,0,,289,7.6,,1028.6,
2022-12-28,-15.4,-16.8,-13.3,0,,261,6.4,,1030.6,
2022-12-29,-11.8,-13.1,-10.5,0,,210,8.1,,1031.7,
2022-12-30,-14.2,-16.3,-12.4,0,,109,7.4,,1033.2,
2022-12-31,-21.3,-28.1,-16.3,0,,48,11.3,,1033.9,
2023-01-01,-28.8,-32.9,-23.4,0,,104,8.8,,1032.8,
2023-01-02,-13.2,-22.6,-3.7,0.2,,166,22.2,,1012.5,
2023-01-03,-4.5,-12,-2.9,8.7,,87,18.1,,993.1,
2023-01-04,-18.9,-22,-12.9,0,,288,10.9,,1003.6,
2023-01-05,-21.8,-26.7,-19,0,,294,7.5,,1008.6,
2023-01-06,-20.2,-26.8,-14.8,0,,184,9.5,,1010.9,
2023-01-07,-13.2,-23.6,-6.4,4.3,,173,17.8,,999.3,
2023-01-08,-26.4,-27.7,-24,0,,334,19.5,,1007.8,
2023-01-09,-29.3,-31.5,-27.6,0,,304,16,,1022.2,
2023-01-10,-24,-29.8,-15.4,0,,302,15.7,,1032.5,
2023-01-11,-14.9,-15.9,-13.2,0.3,,285,21.6,,1035.5,
2023-01-12,-12.7,-13.5,-11.7,0.1,,271,26.1,,1031.4,
2023-01-13,-11.4,-14.6,-8.1,0,,256,20.9,,1031.8,
2023-01-14,-9.4,-10.2,-8.4,0,,264,24.7,,1029,
2023-01-15,-8.7,-10.4,-7.6,0.2,,262,21.5,,1031.1,
2023-01-16,-8.3,-11.5,-6.6,0,,268,24.2,,1032.1,
2023-01-17,-11.7,-13,-9.8,0,,253,16.2,,1038.3,
2023-01-18,-10.4,-13.4,-7.7,0,,252,18,,1038.1,
2023-01-19,-9.5,-11.7,-7.7,0,,265,14.6,,1037.9,
2023-01-20,-8.4,-9.6,-6.1,0,,275,16.5,,1040.4,
2023-01-21,-7.1,-10.7,-5.2,0,,260,19,,1041.1,
2023-01-22,-5.8,-6.9,-4.5,0,,273,20.3,,1037.5,
2023-01-23,-6.9,-10.7,-5.3,0,,299,17.2,,1035.9,
2023-01-24,-9.6,-11.3,-7.3,0,,258,15.6,,1031,
2023-01-25,-7.5,-9.7,-5.8,0,,260,21.2,,1023.2,
2023-01-26,-8.4,-11.5,-4.3,0,,237,26.4,,1016.3,
2023-01-27,-4,-4.5,-3.4,0.3,,243,21.1,,1014.6,
2023-01-28,-4.4,-5.2,-3.8,0.7,,268,18,,1014.4,
2023-01-29,-8.7,-11.1,-5.8,0,,253,16.5,,1018,
2023-01-30,-9.4,-11.7,-7.5,0,,223,16.2,,1018.1,
2023-01-31,-10.3,-11.7,-8.2,0,,201,16.7,,1019.2,
2023-02-01,-5.9,-10.4,-2.6,0,,221,13.8,,1022.4,
2023-02-02,-9.4,-12.5,-6.7,0,,203,9.7,,1026.8,
2023-02-03,-12.2,-14,-8.5,0,,226,11.7,,1027,
2023-02-04,-14,-17,-9.7,0,,219,12.2,,1028.3,
2023-02-05,-14.2,-16.3,-12.8,0,,181,6.2,,1028,
2023-02-06,-12.9,-16.3,-11.1,0,,277,5.8,,1026.8,
2023-02-07,-12.8,-13.7,-11.6,0,,344,11.1,,1031.1,
2023-02-08,-15.1,-18.9,-12.3,0,,256,12.4,,1028.8,
2023-02-09,-9,-12.5,-6.3,2.6,,283,16.4,,1015.6,
2023-02-10,-4.3,-5,-3.4,0,,287,11.6,,1017.2,
2023-02-11,-7.1,-9.2,-5.3,0,,179,20,,1023,
2023-02-12,-9.3,-13,-6.8,0,,201,12.5,,1025.1,
2023-02-13,-13.4,-15.3,-10.9,0,,194,16,,1025.3,
2023-02-14,-12.3,-15.3,-9.6,0,,189,13.4,,1024.6,
2023-02-15,-13.3,-17.4,-11.6,0,,125,11.6,,1027.8,
2023-02-16,-18.9,-21.4,-15.6,0,,136,9.7,,1035,
2023-02-17,-17.3,-21.3,-13.3,0,,107,11.6,,1033.7,
2023-02-18,-13.4,-15.4,-11.6,0.1,,106,11.1,,1023.5,
2023-02-19,-14.2,-18.8,-11.9,0,,184,8.7,,1019.8,
2023-02-20,-15.5,-20.2,-11.9,0,,72,12.3,,1015.4,
2023-02-21,-10,-13.1,-4.9,3.4,,98,12.7,,1009,
2023-02-22,-3.6,-7.7,0.1,3.8,,254,16.3,,997.4,
2023-02-23,-8.9,-15.4,-4.1,1.4,,165,12,,997,
2023-02-24,-10.1,-12.8,-5.9,0.2,,215,15.8,,998.4,
2023-02-25,-13.6,-16.5,-10.7,0,,232,18.8,,1014.4,
2023-02-26,-7,-11.5,-3,0.9,,226,16.3,,1023.4,
2023-02-27,-3.1,-6.2,0.9,7.9,,207,26,,1015.9,
2023-02-28,-2.2,-4.3,0.3,0,,234,25.2,,1002.4,
2023-03-01,-4.2,-5.2,-3,1.2,,214,19.1,,993.5,
2023-03-02,-6.7,-9.9,-5,0,,241,22.5,,990.7,
2023-03-03,-11.6,-13.8,-9.7,0,,251,18.5,,999.8,
2023-03-04,-12.4,-16.6,-8.5,0,,207,14.8,,1009.2,
2023-03-05,-3.1,-7.8,-1.1,0.2,,192,15.8,,1003.3,
2023-03-06,-1.9,-4.2,-0.4,2.8,,228,24.6,,996.5,
2023-03-07,-6.2,-9.7,-3.9,1.2,,202,9.7,,1006,
2023-03-08,-5.9,-8.1,-4.1,0.2,,257,14.9,,1012.5,
2023-03-09,-4.3,-12.4,1.6,0.7,,168,15.8,,1017.6,
2023-03-10,0.8,-0.5,2,0,,205,27.2,,1012.3,
2023-03-11,-0.3,-3.5,3.3,0,,244,25,,1005,
2023-03-12,-5.5,-8.8,-2,0,,246,15,,1025.9,
2023-03-13,-2.9,-6.7,1,0,,194,26.3,,1024.9,
2023-03-14,-1.4,-3.1,0.1,7.8,,242,20,,1016.3,
2023-03-15,-5.1,-8.4,-1.5,0,,270,14.2,,1023.2,
2023-03-16,-0.1,-3.4,3.1,0,,263,13.4,,1022.7,
2023-03-17,1.2,-2.3,4.4,0,,239,14.7,,1022.6,
2023-03-18,0.5,-5,3.4,0.4,,284,22,,1019.8,
2023-03-19,-6.8,-11.5,-2.6,0,,291,13.6,,1036.1,
2023-03-20,-5.8,-7.9,-3.5,0,,227,23.3,,1027.5,
2023-03-21,-2.7,-8.2,2.1,0.8,,219,15.1,,1019.1,
2023-03-22,2.1,-0.6,4.9,0.1,,217,20.9,,1010,
2023-03-23,0.2,-2,3.1,0.7,,261,22.4,,1012.4,
2023-03-24,2.4,-0.7,5.9,0,,232,25.6,,1011.6,
2023-03-25,3.8,1.7,6.7,0,,222,21.1,,1006.8,
2023-03-26,3.2,0.9,6.6,0.3,,241,18.2,,1006.5,
2023-03-27,5.6,1.7,10.3,0,,221,16.7,,1010.5,
2023-03-28,9.2,4.8,15.4,1.3,,220,21.6,,1006,
2023-03-29,-0.7,-5.3,5.7,1.9,,341,18,,1020.5,
2023-03-30,-2.9,-5.4,1,0,,47,10.9,,1034.5,
2023-03-31,-0.8,-6.2,4.9,0,,148,17.6,,1035.8,
2023-04-01,3.1,-2.6,10,0,,171,24.1,,1028.5,
2023-04-02,4.6,-1.3,11.8,0,,199,17,,1026.6,
2023-04-03,5,-2.3,13,0,,198,12.1,,1026.7,
2023-04-04,5.6,-2.5,12.6,0,,117,10.8,,1026.6,
2023-04-05,7.6,-0.7,16,0,,168,10.9,,1019.6,
2023-04-06,5.5,0.2,10.8,0,,332,19.3,,1012.8,
2023-04-07,-5.8,-10.7,-1.1,0,,26,19.1,,1030.9,
2023-04-08,0,-7.5,8.4,0,,256,15.7,,1027.4,
2023-04-09,4.5,-3.3,11.6,0,,263,13.7,,1023,
2023-04-10,2.1,-2.1,7.4,0,,308,18,,1013.9,
2023-04-11,0.3,-5,5.5,0,,291,15.3,,1018.7,
2023-04-12,4.9,-1.4,10.9,0,,251,16.4,,1014.7,
2023-04-13,3.1,-7,12.6,3.3,,302,18.5,,1014.8,
2023-04-14,-6.5,-11.1,-1.3,0,,34,20.2,,1027.3,
2023-04-15,-3.5,-9.1,2.6,0,,338,10,,1023.4,
2023-04-16,-0.3,-5.1,4.6,0,,333,13.2,,1019.8,
2023-04-17,-2.2,-5.9,2.2,0,,333,15.3,,1023.1,
2023-04-18,1.3,-3.4,6.8,0,,347,9.9,,1026.5,
2023-04-19,-0.2,-5.7,6.1,0,,65,7.3,,1035.1,
2023-04-20,4.8,-3,11.9,0,,197,12.8,,1026.6,
2023-04-21,7,0.5,14.1,1.3,,211,11.1,,1017.2,
2023-04-22,7.8,1.7,13.7,7.3,,207,12.5,,1013.3,
2023-04-23,8,5.3,11.4,9.3,,141,12.4,,1006,
2023-04-24,6.6,2.9,11.2,0,,312,16.3,,1016,
2023-04-25,13.2,4,21.6,0,,249,17.9,,1019.7,
2023-04-26,15.3,6.7,22.5,0.9,,233,12.5,,1019.7,
2023-04-27,17,12.6,21.1,0,,229,21.6,,1010.3,
2023-04-28,9.5,3.3,13.3,0.2,,337,16.6,,1013.5,
2023-04-29,5.4,-1.7,11.2,0,,20,8.8,,1022,
2023-04-30,2.9,-1,5.8,1.6,,21,8.7,,1025.5,
2023-05-01,5.2,-1.5,12.4,0,,46,9.1,,1027.6,
2023-05-02,9.5,2.1,16.7,0,,160,11,,1027.2,
2023-05-03,15.5,7,23.7,0,,191,18.1,,1025.9,
2023-05-04,18.4,12.6,24.9,0,,218,22.8,,1023.8,
2023-05-05,18.4,11.5,24.3,0,,230,17.4,,1022.5,
2023-05-06,18.2,10.5,24.5,0,,213,16.8,,1019.2,
2023-05-07,18.5,7.6,26.1,0,,216,23.7,,1012.3,
2023-05-08,8,5,12.1,0,,277,20.1,,1018.8,
2023-05-09,5.3,-0.2,10,0,,309,9.9,,1026.9,
2023-05-10,8.3,0.4,15.7,0,,208,10.8,,1023.8,
2023-05-11,8.9,1.6,16.3,0.6,,316,13.1,,1019.4,
2023-05-12,7.2,0.4,11.9,0,,79,9.2,,1023.4,
2023-05-13,9,3.9,13.9,0,,117,11.8,,1014.9,
2023-05-14,10.3,1.1,18.3,0,,272,11.8,,1015.4,
2023-05-15,12.4,7.1,18.5,0.3,,314,10.6,,1018.9,
2023-05-16,13.7,7.7,19.4,0,,340,14.1,,1019.8,
2023-05-17,10.4,4.5,15.2,0,,68,12.8,,1027.8,
2023-05-18,11.4,5.5,16.7,0,,97,14.7,,1029.1,
2023-05-19,12.5,5.9,18.6,0,,113,12.8,,1028.2,
2023-05-20,14.7,4.8,21.6,0,,70,10.5,,1026.3,
2023-05-21,17.2,8.7,23.8,0,,32,9.2,,1024.8,
2023-05-22,18.7,8.9,25,0,,277,6.8,,1026.3,
2023-05-23,19.8,11,25.7,0,,52,7.9,,1028.4,
2023-05-24,20.9,11.7,27.7,0,,266,10.9,,1026.1,
2023-05-25,19.9,14.1,25.1,0.3,,14,11.1,,1023.5,
2023-05-26,18,12.1,23.1,0,,115,8.4,,1023.7,
2023-05-27,20.5,13,28.5,1.4,,189,10.9,,1019.5,
2023-05-28,21.6,14.5,28,0,,158,8.6,,1017.1,
2023-05-29,24.9,16.6,31.4,0,,203,14.5,,1016.4,
2023-05-30,23.2,17.1,27.2,0,,296,14.6,,1017.5,
2023-05-31,22.4,12.9,28.2,0,,136,14,,1019.2,
2023-06-01,25.7,23.1,29.5,0,,184,20.5,,1012.5,
2023-06-02,25,19.2,29.7,0,,66,10.3,,1014.4,
2023-06-03,28.3,21.3,35.1,0,,152,14.1,,1012.2,
2023-06-04,27.7,21.9,33.2,0.2,,287,10.9,,1012.5,
2023-06-05,25.4,19.3,30.7,0.5,,358,12.8,,1009.9,
2023-06-06,22.5,17,27.5,0,,359,11.6,,1012.2,
2023-06-07,21.6,15.3,28.8,2.2,,355,15.3,,1003.9,
2023-06-08,17.5,11.9,22,0,,301,13.7,,1010.7,
2023-06-09,15.4,12.1,18.2,0.7,,329,13.6,,1015,
2023-06-10,15.6,7.7,21.3,0,,221,9.9,,1016.9,
2023-06-11,15,9.5,18.2,3.5,,300,16.1,,1015.6,
2023-06-12,12.2,7.2,17,0,,308,13.8,,1021.7,
2023-06-13,14.3,9.6,19.2,0,,312,13.1,,1022.8,
2023-06-14,19.3,12.5,25.1,0,,254,18.3,,1017.5,
2023-06-15,19.1,13.8,23.5,0,,294,15.2,,1010.3,
2023-06-16,18.2,10.5,23.1,0,,262,13.4,,1007.1,
2023-06-17,15.4,11.2,18.6,0,,347,14.4,,1006.2,
2023-06-18,13.5,7.7,17.8,0,,45,13.3,,1008.8,
2023-06-19,8.9,7.6,11.9,15.9,,15,23.9,,1001,
2023-06-20,6.5,6,7.5,28.2,,309,32.6,,991.5,
2023-06-21,6.3,5.5,7.4,8.5,,302,25.1,,996.6,
2023-06-22,9.2,6.5,12.8,0.6,,336,15.9,,1007.6,
2023-06-23,12,5.6,15.9,0,,281,9.6,,1011.7,
2023-06-24,13.8,8.2,18.9,5.4,,285,10.3,,1009.8,
2023-06-25,13,8.6,16.9,13.6,,93,7.5,,1008.9,
2023-06-26,12.6,9.1,15.1,6.1,,51,17.2,,1005.8,
2023-06-27,15.3,11.6,19.2,0,,9,22.5,,1003.1,
2023-06-28,16.1,10.6,20.9,0.8,,305,12.5,,1005.3,
2023-06-29,17,12.3,20.4,0.4,,305,13.8,,1006.5,
2023-06-30,16.3,9,21,0,,335,7.2,,1011.1,
2023-07-01,21.1,14,27.4,0,,170,17.6,,1006.9,
2023-07-02,24.6,18.2,30.1,0.3,,165,15.9,,1003.7,
2023-07-03,24.5,20.3,28.9,0,,113,10.4,,1003,
2023-07-04,24.3,18.1,30.1,0,,352,11.7,,1007.6,
2023-07-05,24.6,19.1,29.7,0.6,,34,8.7,,1013.6,
2023-07-06,24.5,19.6,29.9,0,,272,5.7,,1014.5,
2023-07-07,22.6,18.6,26.3,0,,301,14.3,,1012.1,
2023-07-08,21,16.1,25.7,0,,316,13.1,,1013.7,
2023-07-09,24.2,17.6,30.7,0,,217,11.3,,1010.6,
2023-07-10,26.4,19,33.4,0,,227,7.8,,1007.3,
2023-07-11,28.9,23.1,37,0.1,,217,11.6,,1007.5,
2023-07-12,29.3,23.8,36.1,0,,171,13.2,,1006.8,
2023-07-13,23.6,18.9,27.8,19.4,,219,8.7,,1006.3,
2023-07-14,19.4,16.9,22.4,3.2,,244,8.2,,997.2,
2023-07-15,18.2,13.4,23.1,2.5,,314,9.5,,996.4,
2023-07-16,17.8,12.2,22.7,0.5,,53,9.7,,1005.8,
2023-07-17,20.4,15.6,24.3,0,,105,14.7,,1009.2,
2023-07-18,20.5,17.1,23.9,3.6,,108,15.6,,1004.8,
2023-07-19,20.2,16.4,25.2,9.7,,156,16.8,,1000,
2023-07-20,20.3,15.4,24.8,1.2,,194,7.7,,999,
2023-07-21,20,16.8,23.5,0,,263,14.4,,1002.5,
2023-07-22,19.7,15.3,24.2,0,,240,14.5,,1007.4,
2023-07-23,18.2,15.9,21.6,7.2,,238,15.1,,1004.8,
2023-07-24,19.1,14.4,23.5,0,,290,14.6,,1006.4,
2023-07-25,19.6,14.2,24.6,0.8,,263,10.2,,1006.7,
2023-07-26,20,14.8,24.8,0,,273,11.3,,1007.1,
2023-07-27,20.7,15.5,25.6,0,,276,9.4,,1007.4,
2023-07-28,23.5,18.2,28.6,0.4,,243,14.4,,1003.9,
2023-07-29,22.1,17.9,26.5,0,,336,16.3,,1007.3,
2023-07-30,21.3,16.1,25.7,0.4,,8,10,,1010.4,
2023-07-31,20.7,16.2,25.3,0,,30,8.7,,1010.1,
2023-08-01,20.9,15.8,25.2,0,,45,6.9,,1007.9,
2023-08-02,20.5,16.4,25.2,4,,8,12.1,,1008.4,
2023-08-03,20.5,16.9,24.7,7.7,,332,11.8,,1007.4,
2023-08-04,20.2,16.6,24.3,1.2,,316,8.4,,1008.9,
2023-08-05,20.4,16.3,24.9,1.5,,338,8.4,,1011.1,
2023-08-06,20.7,16.5,24.1,1.5,,9,8.3,,1009.9,
2023-08-07,21.6,17.2,26.1,0,,16,8.1,,1008.3,
2023-08-08,21.6,16.1,26.4,0,,28,8.7,,1007.7,
2023-08-09,21.5,15.8,26.8,0,,11,10.4,,1012.5,
2023-08-10,17.9,14.6,20.4,2.6,,11,14.4,,1014.9,
2023-08-11,16.7,12.3,21.3,0,,347,18.1,,1018.7,
2023-08-12,14.4,10.7,18.3,0,,358,18.1,,1021,
2023-08-13,14.5,8.8,19.8,0,,338,14.8,,1022.1,
2023-08-14,18.4,11.8,25.1,0,,332,12.1,,1017.5,
2023-08-15,19.2,12.7,24.5,0.6,,78,7,,1015.8,
2023-08-16,20.2,14.6,25.4,0.7,,322,5.8,,1016.7,
2023-08-17,20.9,16.6,25.4,0,,18,8.7,,1018.8,
2023-08-18,22.1,16,27.6,0,,249,11.8,,1017.4,
2023-08-19,21.3,16.5,24.9,1.3,,308,15.9,,1013,
2023-08-20,15.3,11,18.9,0,,345,7.9,,1017.9,
2023-08-21,14.5,12.2,16.6,0.8,,174,8.5,,1011.1,
2023-08-22,14.3,10.9,18,0,,279,12.4,,1006.4,
2023-08-23,12.1,10.2,14.5,12.6,,107,8.7,,1003,
2023-08-24,11.4,6.9,15.1,0,,268,11.1,,1003.3,
2023-08-25,11.3,7.4,15,0,,253,13.2,,1004,
2023-08-26,11.1,6.4,16,0.7,,263,9.9,,1005.3,
2023-08-27,11.4,5.8,16.5,0,,218,7,,1004.5,
2023-08-28,12.8,7,17.8,0,,79,9.4,,1001.7,
2023-08-29,12.4,6.6,17,2.7,,50,13.2,,999.6,
2023-08-30,12.7,9.9,16.1,3.2,,94,12.9,,997.1,
2023-08-31,11.9,7.5,16.9,2,,61,9.8,,999.5,
2023-09-01,11.9,8.4,16.5,2.6,,64,13.6,,1006.2,
2023-09-02,14.1,9.6,19,2.4,,29,17.6,,1012.2,
2023-09-03,14.3,13,16.1,0.5,,12,18.5,,1013.6,
2023-09-04,11.4,9.8,13.5,0,,3,16.6,,1017.2,
2023-09-05,11,8.3,13.9,0,,324,13,,1017.6,
2023-09-06,11.9,6.8,16.9,0,,301,9.9,,1014.9,
2023-09-07,12.2,5.7,18.5,0,,191,7.1,,1011.8,
2023-09-08,13.3,7.1,19.3,0,,113,9.5,,1013.2,
2023-09-09,13.5,8,18.8,0,,73,14.9,,1014.2,
2023-09-10,12.3,10.1,15.4,5.9,,74,18.7,,1012.6,
2023-09-11,13.2,8.3,18.5,0,,71,14.6,,1013.9,
2023-09-12,13.3,8.9,18.2,0,,33,16.7,,1015.5,
2023-09-13,14.1,9.4,19.5,0,,359,10.6,,1019.6,
2023-09-14,14.7,9.6,20.3,0,,338,7.6,,1021,
2023-09-15,14.9,8,20.2,0,,314,4.7,,1022,
2023-09-16,14.4,6.9,20.4,0,,229,4.9,,1021.7,
2023-09-17,14.3,7.5,20.7,0,,244,7.3,,1021,
2023-09-18,14.9,9.3,20.8,0,,227,9.5,,1019,
2023-09-19,13.9,10.7,18.8,7.4,,229,13.9,,1013.5,
2023-09-20,10.6,7,14.4,0,,303,12.1,,1019.8,
2023-09-21,12.6,6.6,18.4,0,,233,19.9,,1018.4,
2023-09-22,14.5,9.7,16.3,1.1,,291,22.4,,1015.4,
2023-09-23,9.8,5.3,14,0,,296,14.8,,1026.6,
2023-09-24,15.6,10.6,21.5,0,,278,14.4,,1024.9,
2023-09-25,17.2,11.8,23.6,0,,263,15.3,,1020.5,
2023-09-26,14.5,9.9,17.3,0,,304,16.6,,1019.8,
2023-09-27,9.8,5.1,14.1,1.6,,270,9.5,,1021.9,
2023-09-28,11.2,9.2,14.6,0,,291,13.4,,1016.7,
2023-09-29,10.8,7.2,15,0,,253,9.9,,1014.3,
2023-09-30,8.3,7.1,9.5,1.1,,28,10.1,,1019.3,
2023-10-01,9.7,7.1,13.1,0,,210,9.8,,1022.3,
2023-10-02,11.8,7.1,16,0.8,,207,20.4,,1017.5,
2023-10-03,12.8,9.5,17.7,1,,222,15.5,,1017,
2023-10-04,12.5,9.8,16.3,0.8,,227,15.5,,1015.7,
2023-10-05,13,8.9,18.2,0,,229,19.3,,1013.4,
2023-10-06,11.6,5.8,16.5,0.7,,207,10,,1013.3,
2023-10-07,10.9,8.9,12.4,6.4,,189,12.7,,1008.5,
2023-10-08,9,7.1,11.8,3.2,,174,19.1,,999.2,
2023-10-09,8.4,6.7,10,3.2,,210,19.2,,994.9,
2023-10-10,6.6,4.6,8.6,0.1,,218,16,,1003.5,
2023-10-11,4.9,1.5,8.1,0.2,,233,12.8,,1010.6,
2023-10-12,4.3,0.7,7.3,0,,235,16.6,,1015.4,
2023-10-13,5,1.7,7.5,6.6,,218,24.3,,1008.5,
2023-10-14,7.3,4.3,10,4.2,,250,20.6,,1006.4,
2023-10-15,5.2,0.7,9,0,,237,14.9,,1011.5,
2023-10-16,11,7.9,15.2,0.8,,233,19.2,,1011,
2023-10-17,10.3,7,14.1,0,,205,16.9,,1015,
2023-10-18,8.5,4.6,10.4,0,,204,16.7,,1009.6,
2023-10-19,4.8,2,7.9,0,,232,22.5,,1014.4,
2023-10-20,3.6,1.9,6.3,7,,219,12.9,,1016.7,
2023-10-21,2.4,0.4,5,0.2,,261,14,,1010.6,
2023-10-22,0.3,-1.6,1.7,1.4,,305,16.9,,1002,
2023-10-23,0.2,-1.8,2.1,0,,269,21.3,,1008.6,
2023-10-24,0.6,-0.6,2.1,6.6,,184,11.8,,1002,
2023-10-25,-2,-4.5,-0.4,6,,8,15.7,,1000,
2023-10-26,-4,-5.6,-3,0.1,,296,17.6,,1006,
2023-10-27,-4.9,-7.9,-1.2,0,,260,18.4,,1019,
2023-10-28,-6.6,-10.8,-3.1,0,,161,10.3,,1022,
2023-10-29,-5.2,-7.8,-2.9,0.2,,89,17,,1015.2,
2023-10-30,-3.4,-3.8,-2.9,2.1,,70,20.1,,1008.7,
2023-10-31,-4.3,-5.2,-3.6,0.5,,94,8.2,,1016.3,
2023-11-01,-2.6,-4.1,-0.7,0.7,,258,10.3,,1018.4,
2023-11-02,-4.7,-7.5,-2,1.7,,33,8,,1022.7,
2023-11-03,0.2,-5.8,3.6,0.1,,182,22.4,,1013.8,
2023-11-04,-1.3,-4.5,3.6,0,,280,18.1,,1017.5,
2023-11-05,-4.6,-6.8,-2.1,0,,258,9.2,,1030.2,
2023-11-06,-1.9,-5.7,1.6,0,,226,16.3,,1025.5,
2023-11-07,-0.3,-2.3,3.1,0,,211,14.8,,1018.6,
2023-11-08,-1,-2.8,2.3,0,,166,11.7,,1011.7,
2023-11-09,-1,-3.9,1.6,1.7,,226,8.5,,1010.7,
2023-11-10,-1.1,-3,1.4,0,,234,9.2,,1019.4,
2023-11-11,0.7,-0.8,1.8,1.3,,136,10.6,,1017.5,
2023-11-12,1.1,0.1,2.2,0,,307,7.9,,1021.2,
2023-11-13,0.8,0,2.1,0,,231,11.6,,1026.6,
2023-11-14,3.2,1.7,4.5,1.2,,197,20.8,,1018.2,
2023-11-15,2.1,0.3,2.9,5.5,,208,17.2,,1004.9,
2023-11-16,0.5,-1.1,2,0,,243,13.8,,1005.4,
2023-11-17,-1.1,-2.5,1,0,,242,9.8,,1009.3,
2023-11-18,-5.7,-8.4,-1.7,0,,346,18.4,,1010.5,
2023-11-19,-7.1,-9.4,-5.2,0,,271,16.6,,1019.4,
2023-11-20,-7.2,-9.4,-4.4,0,,240,10.1,,1030.4,
2023-11-21,-7.6,-9.5,-5.7,0,,125,17.8,,1028.1,
2023-11-22,-4.2,-5.9,0.3,2.7,,114,20.8,,1006.5,
2023-11-23,-0.1,-3.3,2,0.8,,152,18.4,,994.3,
2023-11-24,-8.5,-12.7,-3.3,0.5,,228,12.6,,999.8,
2023-11-25,-8.8,-13.5,-3.3,1.3,,168,12.6,,1007.9,
2023-11-26,-2.6,-5.3,-0.7,0,,196,10.7,,1019.7,
2023-11-27,0.5,-1.3,1.9,0.6,,135,17.5,,1024.9,
2023-11-28,0,-2.5,1.4,0.6,,121,18,,1020.6,
2023-11-29,-3.3,-4.5,-1.8,0.7,,93,12.3,,1018.6,
2023-11-30,-4.7,-6.1,-3.6,0,,34,10,,1016,
2023-12-01,-7.6,-8.5,-6.1,0,,307,8.9,,1016.9,
2023-12-02,-6.6,-7.5,-5.6,2.3,,139,10,,1010,
2023-12-03,-12,-15.9,-5.9,9.8,,347,23.5,,1003.6,
2023-12-04,-16.8,-20.5,-10.7,4.2,,114,12.7,,1021.6,
2023-12-05,-11.8,-19.2,-8.2,3.6,,30,11.2,,1007.9,
2023-12-06,-23.7,-30.5,-19.4,0.1,,341,15.8,,1020.9,
2023-12-07,-34.5,-36.2,-31.3,0,,327,10.9,,1040.9,
2023-12-08,-34.9,-37.4,-31.7,0,,273,10.2,,1045.3,
2023-12-09,-28.5,-32.1,-23.9,0,,291,11.7,,1041.4,
2023-12-10,-29.3,-34,-24.9,0,,352,11.4,,1044,
2023-12-11,-35.4,-37.3,-34,0,,2,9.9,,1055.4,
2023-12-12,-33,-37.6,-25.5,0,,241,13.2,,1060.8,
2023-12-13,-22.3,-25,-20.7,0,,225,21.6,,1055.8,
2023-12-14,-21.1,-22.4,-19.3,0,,216,17.5,,1051.8,
2023-12-15,-17.7,-19.8,-14.6,0,,222,14.5,,1044.5,
2023-12-16,-19.4,-23.5,-15.3,0,,166,13.4,,1038.7,
2023-12-17,-12.5,-15.6,-9.5,0.3,,160,20.7,,1027,
2023-12-18,-10.3,-12.1,-9.4,0.5,,172,13.6,,1016.5,
2023-12-19,-10.1,-12.9,-9.3,0,,200,14,,1009.5,
2023-12-20,-8,-12,-1.6,1.7,,201,20.1,,1009.9,
2023-12-21,0.2,-1.7,2.1,0.3,,228,20.6,,1009.6,
2023-12-22,0.7,-1.7,2.4,0,,217,22.2,,1015.8,
2023-12-23,-1,-2.1,0.3,0,,164,12.4,,1015.4,
2023-12-24,-2.3,-4.2,-0.7,0,,115,12.7,,1007.9,
2023-12-25,-1.9,-5.3,1.7,0.8,,152,16.1,,1002.3,
2023-12-26,-2.2,-4.3,0.1,6.8,,110,19.7,,985.3,
2023-12-27,-4.9,-6.3,-3.9,2.5,,220,23,,991.7,
2023-12-28,-5.4,-7.2,-2.5,1,,182,13.7,,998.1,
2023-12-29,-6.7,-12.8,-2.8,10.1,,317,26.6,,983.4,
2023-12-30,-12,-12.7,-10.8,0.3,,258,30.9,,992,
2023-12-31,-14.9,-20.8,-12.2,0,,245,15.4,,1007,
